cat,text
news_finance,股票中的突破形态
news_entertainment,他是最帅的古装男神，10国语言六门武术，演技在线却常演配角！
news_entertainment,陈伟霆和黄晓明真的有差别，难怪baby会选择黄晓明
news_car,驾驶证科目几最难？
news_finance,紫贝龙2017年营收1644万元 业绩亏损1425万元
news_finance,今天主流币大跌的原因是什么？
news_game,超神学院：莫甘娜绑着地球人做肉票，你敢说凯沙没有怜悯之心？
news_entertainment,江疏影自拍被调侃迷之角度？还是跟这两位明星学学自拍吧！
news_sports,重庆斯威辟谣！小白的下一站还是中国吗
news_world,镜头下：普京最不想看见的9个搞笑瞬间
news_tech,理想的游戏手机应该是怎样的？
news_car,没想到车位、墓地、幼儿园都能分期了……
news_culture,下联:夕陽西下已黄昏。上联是什麽？
news_house,为什么三线城市的房价炒的高，开发商跑的也不少？
news_finance,5月6日研报精选：毛利率企稳
news_travel,山东省面积最大、人口最多的三线城市，GDP排名全省第7位
news_sports,为什么现在的家长都送孩子去学习跆拳道、空手道，却没有多少人学习中国武术呢？
news_game,当前版本后期团战最强的三个英雄，第一个秒人只需要0.5秒！
news_world,「美国消息」伊核协议遭废避险重启！
news_car,BMW全新X7，外媒试驾规格抢先看！
news_tech,正面解锁/全面屏兼具 屏下指纹传感器2019出货破亿
news_finance,新消费新文化的机遇在哪里？刘泽辉：抓住新中产阶级的老中青三代
news_tech,大家说现在看不懂马云了，马云反驳：十几年前你们就看懂我了吗？
news_entertainment,电影《江湖儿女》戛纳首映 赵涛新片受国际点赞
news_entertainment,周慧敏出席万达活动，网友：这皮肤快可以捏出水了！
news_finance,2018年5月6日豆粕价格行情走势
news_travel,徒步泸沽湖，探秘女儿国（二）
news_car,皮尺部最大旗舰SUV众泰T800上市 13.98万起 越级配置甩BBA几条街
news_car,本人目前存款有15万，在上海一个月收入一万二，可以入手宝马三系吗？
news_car,2018年买个8万左右的新车，有什么好的推荐吗？
news_sports,上港阵容单薄难以做到三线争冠 大放血自掘坟墓恐一无所有
news_sports,2018年威克多杯全国青年羽毛球锦标赛明日在江苏苏州挥拍开战
news_entertainment,《跨界歌王》套路满满！频现低级问题，靠李菲儿，吴秀波吸引眼球
news_tech,酷狗、酷我、QQ音乐、网易云音乐、虾米音乐、天天动听，哪个版权多，音质音效好？
news_tech,7寸，真全面屏，6000毫安，骁龙845，8+256这样的手机有么？大家会买么？
news_car,夏天发大水时，汽车进到水里时如何逃生？
news_car,质量最次国产SUV，变速箱漏油严重，成为被投诉之王
news_tech,腾讯成2017年全球收入最高游戏公司
news_finance,深圳市维业装饰集团股份有限公司关于签订工程施工合同的公告
news_finance,QDII额度扩容背后的躁动：难抢沪港深基金风头？
news_agriculture,湖北潜江：小龙虾季“虾嫂”忙
news_world,如果日本未来要沉了，中国人是否愿意日本人搬到中国？
news_military,运-8能载多少人？虽是上世纪70年代的产品，但运载量一点也不少
news_culture,假如你有机会穿越到古代，可以带三十公斤的东西，你会选择带什么？
news_world,伊朗和印度的关系怎么样？
news_entertainment,和郑爽一样大方承认整容，待遇却千差万别，网友直呼：是整残了
news_sports,广东德比爆大规模冲突！两队共同目标冲超，但都不满意结果
news_sports,大爆冷！59胜+东部第一，骑士横扫猛龙改写历史
news_sports,杨毅在骑士对阵猛龙的比赛中公然称猛龙后场双枪为垃圾兄弟，你怎么看？
news_agriculture,“张大爷，您家的菜我全包了”
news_entertainment,既然复仇者联盟有惊奇队长，为何不早点让惊奇队长出山？
news_culture,中国传统书法作品欣赏
news_car,自主智联SUV哪家强 4款热门车型全面对比
news_culture,有哪几个姓氏和孔孟颜曾用同一个辈分？
news_tech,爱粉博带你深度分析全网营销策略与推广战术攻坚
news_entertainment,"36岁张钧甯近照，气质美貌不输任何人 ,只是这选男友的眼光太奇特"
news_game,dota2哪个英雄最脏？
news_travel,不用挤平潭！福州出发25分钟，去看梦幻更百倍的网红“蓝眼泪”
news_agriculture,农村汽车不断增多的现象，会带来哪些弊端？
news_tech,币圈 链圈 用圈
news_car,知乎网友：为什么有的小车气味闻着就容易晕车？
news_sports,平心而论，这赛季利物浦三叉戟的欧冠表现是不是不输当年巴萨MSN？
news_sports,重赏之下必有勇夫？面对老板奖励成堆的现金，恒丰能否不辱使命？
news_travel,山东人花5亿仿建江南水乡，被誉为“北方乌镇”，网友：不伦不类
news_world,澳大利亚这一举动难以理解，中国外交部正式提出交涉
news_tech,2017年线上销售中国品牌超七成 天猫新零售打造新“中国名片”
news_culture,下联:静坐窗前听雨声，上联怎么对？
news_sports,再看国家德比：裁判睡着 水爷宇宙中心呼唤爱
news_military,中国“轰-20”正式亮相！五角大楼怒斥：是谁在暗助中国？
news_entertainment,何为苦何为乐？
news_world,有哪些国家有能力替代美国成为世界警察？
news_house,2016年在成都买的房子，已经达到90平以上，怎么落户成都？
news_culture,为何民间总有人说“看了西游记，说话如放屁”？
news_agriculture,2018年5月9日生猪价格行情略有上涨，小幅震荡将是常态？
news_edu,汶川十年巨变 见证中国力量
news_sports,MSI小组赛第二天比赛日，香锅打F6的时候被闪电狼发现，为什么不去送塔反而送出一血？
news_edu,哪个汽修学校好？
news_house,房子离婚后怎么分割？没出钱的一方能得到吗？
news_travel,10个影响民宿选址的因素，分布的11个区域，构成中国民宿聚落地图
news_tech,区块链的应用太多，了解这几个最热门就够了
news_culture,出句：月下诗魂冷，如何对句？
news_world,唐尼的2008年钢铁侠服装从仓库被偷走
news_entertainment,生日祝福全都无，欢乐颂中的五美你怎么看？
news_game,街头采访矿工媳妇，干煤矿的爷们们都看哭了！
news_game,RNG.M 24连胜居然被YTG在第一局就终止，对此你有什么看法？
news_agriculture,为什么低劣农产品大家争相购买，而我的顶级农产品却卖不出去？
news_entertainment,「Apink」「新闻」180509 等待Apink营业！制作人疑剧透新曲
news_military,你绑记者我抓你父母，阿富汗特种部队一招让绑匪低头认输
news_finance,疯狂打板族：妖股背后的深圳游资
news_tech,一下科技创始人韩坤：2018年短视频风口依旧强劲
news_finance,兴民智通（集团）股份有限公司
news_sports,火箭队遭太阳顶薪挖墙角！卡佩拉和多位角色球员只能二选一？
news_agriculture,农村这野草，埃及用来防尸腐，印度拿它保护灵魂！
news_tech,区块链与金融行业，区块链改造传统金融行业？
news_culture,四川发现20余座成汉时期墓葬 出土大量文物
news_entertainment,《上海女子图鉴》女主上海十年男友比戚薇少，每个大有来头超有钱
news_travel,洱海真是个漂亮的地方，网友：要人要跟我一起约洱海吗？
news_military,二战鬼子拼刺刀有多厉害？
news_finance,春夏，又到了玩转平安信用卡去吃喝玩乐的季节
news_tech,谷歌开启Android 9.0时代，vivo 率先发布安卓P定制版本
news_travel,兴义人的酒量大啊！猜猜在贵州排第几？
news_entertainment,江疏影拍摄心得“光不够，枕头凑”，荣耀10：其实真的不用这么拼
news_sports,如果总决赛，火箭打骑士与勇士打骑士哪个胜算大，为什么？
news_culture,“心有猛虎，细嗅蔷薇”是什么意思？
news_tech,既是机器人又是手机，这么好玩有趣的家伙，你不想了解下？
news_travel,溯溪裸泳 林中吸氧 云端露营 树下乘凉——雪峰山旅游开启避暑模式
news_game,你第一次充钱是为哪款游戏？
news_sports,保安神技一脚踢飞老鼠，网友称：这技术当什么保安呐，国足需要你
news_story,弟弟结婚我给五万，第二天弟媳在群里发个红包，我退出娘家群
news_agriculture,怎样进行仔猪黄痢防治？
news_military,印尼军事实力比起越南如何？
news_sports,勇士113:104鹈鹕成功晋级，4巨头合砍94+33+27的完美数据，如何评价？
news_house,数据告诉你：去美国投资，买公寓还是独栋？
news_house,这两个户型哪个好？
news_house,房子十年后会涨十倍吗？
news_culture,东北少帅张学良是历史的罪人还是历史的功臣？
news_culture,道德经第十章
news_culture,如何以此图作诗一首？
news_finance,中国股市无人知晓的秘密：选股坚持只看三条线，值得散户读10遍！
news_tech,马云励志演讲：机会那么多，你却选择打工，因为你没有野心
news_culture,去武汉旅游，哪里最能体验地道的“过早”文化？
news_edu,教师如何提高课堂教学有效性？
news_culture,古代时刻表是怎样的，古时的午时三刻到底是11:45还是12：45？
news_edu,长沙雨花区投巨资推进教育信息化
news_game,为什么战士刺客都要带百穿铭文，到底有什么好处？
news_culture,仰韶文化彩陶图案中人面鱼纹彩陶盆是公认的彩陶艺术精品
news_car,男大学生用什么香水会比较好？
news_world,俄一架武装直升机在叙利亚坠毁 致2名飞行员死亡
news_finance,债市指标为股市释放一个重要信号 投资路线图曝光
news_world,日本和以色列为什么会在贫瘠的土地上建立起高度发达的国家？
news_travel,长治市旅发委携专家团队为杨家池乡村旅游谋新篇
news_entertainment,半丸子头如何扎，才能清纯又减龄
news_game,中国人在游戏中有多厉害？
news_tech,证监会披露廖英强案经过：从荐股视频切入 大数据筛查
news_tech,扫地机器人实用吗？
news_sports,布雷特·布朗认为76人“需要帮助才能赢得总冠军”
news_finance,2018年尿素市场行情怎么样，种地人可以备耕吗？
news_military,大型武器被卖给另一国，是怎么运输过去的？这一方法军迷都没听过
news_sports,牛！埃德森抛踢球距离超70米，创吉尼斯纪录
news_car,17款斯柯达野帝1.4T前行款怎么样？现在值得入手吗？
news_entertainment,唐嫣宣传《归去来》被追问什么时候结婚？回击8个字，导演都笑了
news_travel,厦门最值得入住体验的两家五星级酒店都出自YANG设计
news_world,美国到处制造动乱，招致了一些国家的反对，你是否认为美国已成为世界公敌？
news_game,表现太差今天TL启用替补辅助 国外网友表示并不看好
news_car,新款保时捷Macan轻伪谍照曝光 将于年底上市
news_culture,上联：满山红叶诱人醉，怎么对下联？
news_edu,都说中国人数学比西方人好，那为什么几乎所有的数学公式都是西方人发明的？
news_travel,盈盈千年渔村，幽幽鱼米之乡
news_agriculture,农村老话“人穷断六亲”，“六亲”指哪些人？该如何看待这句话？
news_car,各种类型汽车坐垫对比，你选对了吗？
news_edu,报考指南｜新生报考自考，是选择专业还是选择学校？
news_tech,这些国产品牌，都是中华骄傲，华为、小米、老干妈上榜
news_edu,刘瑜留给你印象最深的是哪句话？
news_tech,为什么好多人微信不绑银行卡？
news_car,机动车与行人发生交通事故的责任承担规则
news_tech,手机之前删除的照片，简单一招立马恢复，每个画面都充满了回忆
news_tech,如何看待阿里钉钉CEO的言论：不知道你们10点之前下班干嘛，不到1点不合格？
news_military,世界四大战争狂人
news_travel,昆明老太太，带领一家三代，马来西亚自由行，我给您点赞（上）
news_culture,方舟子说象棋源自印度，中国古代没有大象，你认为这种说法怎么样？
news_finance,注意！工资收入分配新政将出台！这类人群钱袋子要涨
news_tech,原来vivo手机屏幕隐藏一个功能，下滑就能使用，可惜知道的人太少
news_car,福特改灯哪里专业 福特蒙迪欧改灯 福特大灯升级 广州汽车改灯
news_sports,中国象棋与围棋有多少种变化？
news_car,大众旗下很少见C级车辉昂，这气派真不是一般B级车能比的！
news_culture,陕西省旬阳县太极城文化研究会挖掘蜀河古镇文化暨旅游开发故事
news_military,揭秘：从日军那里缴获大炮，为何不充分利用，而是藏起来或者毁掉
news_travel,成为一个合格的深圳人，需要多少步？
news_entertainment,鹿晗和迪丽热巴，网友：这么般配，为什么在一起的不是你们
news_agriculture,业内人士：未来猪场所需能繁母猪会越来越少
news_entertainment,唐嫣甜美现身一脸娇羞 穿粉色抹胸裙露香肩秀长腿，身材瘦成闪电
news_travel,周末打算从广州去南宁玩，想问问南宁有什么可以拍照的好地方吗？
news_sports,同样打死亡五小，火箭要放格林，杨毅表示勇士就得放塔克，你怎么看？
news_edu,考生迟到2分钟被拒进入高考考场应该吗？
news_sports,对于巩晓彬与青岛男篮分道扬镳问题你怎么看，你认为逍遥王会回山东男篮吗？
news_car,“义乌造”车睡神器，爱车秒变房车，女朋友直呼太棒了
news_game,《魂斗罗：归来》什么才是近战强兵？冰河时代诠释美得暴力
news_house,成都现在最适合买房的位置是哪里？
news_sports,冰岛世界杯23人大名单出炉：西古德森领衔 12名替补
news_entertainment,昆凌出国度假不忘运动 周杰伦怨「能放松一下吗？」
news_edu,这些“双胞胎”汉字，难倒无数人，你能分清楚吗?
news_game,斗鱼绝地求生一哥已停播一周 参与职业战队试训表现抢眼有望留队
news_tech,山东启动质量链 让百姓买得放心
news_house,如何判断买房的好时机？这六点要考虑全面！
news_game,《元气骑士》《黑魂3》合体？像素风《挺进地牢》获IGN8.5评分
news_car,比亚迪宋max这款车总体性能怎么样，油耗能达到多少？
news_finance,80年前的那场货币战
news_story,聊了一个月，领了两千多红包，居然告诉我不合适？
news_finance,为什么郑州成为中国内陆综合实力最强的城市？
news_finance,中国光谷6月底将建成20座5G基站
news_edu,上课时学生手机响个不停，老师一怒之下把手机摔了，家长拿发票让老师赔，大家怎么看待这种事？
news_world,迪拜这么有钱，为何没被恐怖分子盯上？土豪们笑了
news_car,仅在尺寸上有优势的领克01，配置上被VV5完爆
news_entertainment,抄检大观园后，袭人为什么骂晴雯不是东西？
news_entertainment,俞飞鸿出席活动，网友：终于看到一个坐下以后没有翘二郎腿的女星
news_travel,四川游客张某带着六名女子在三亚沙滩烧烤被撒沙，这事你怎么看？
news_tech,为何小米总能首发出配置高通芯片的手机？
news_car,2013款帕萨特1.8T用嘉实多机油5-30的可以吗？
news_travel,中国比较有名的小吃街都有哪些？
news_agriculture,城市户口，合法取得的农村宅基房屋能确权到名下吗？
news_sports,2018年“咸马”11月11日开跑 比赛路线优化升级，报名通道近期开启
news_house,成都的房子什么时候能跌？
news_entertainment,她们就是女版的刘德华和梁朝伟，一个美若天仙，一个演技超神
news_military,中途岛战役中，日本航母为什么一炸就废，美国航母的战损率却很低？
news_sports,四川男篮新赛季能卷土重来横扫辽宁夺冠吗？
news_agriculture,玉露不用买，自己在家就能种，多到花盆放不下！
news_finance,【龙虎榜】环能科技5月9日成交明细
news_tech,教你把手机锁屏密码设置为文字，比数字锁屏好看100倍，超好玩！
news_finance,快讯：汇嘉时代涨停 报于13.96元
news_game,「怎样快写硬笔字」：挑的写法，用途广泛，连笔较多，巧妙使用
news_entertainment,「MD PHOTO」韩国女艺人 李妍秀任棒球比赛开球嘉宾
news_agriculture,乡村振兴前景好 返乡创业人不少
news_tech,劳力士手表在哪个国家买最便宜？
news_house,为什么很多企业家都说“未来投资房子是最大的错误”？
news_sports,英超：南安普敦（主）vs 曼彻斯特城
news_edu,开眼界 | 小学六年级男生情书
news_car,比捷达耐用开30万公里不用修 很多人却不识货
news_tech,vivo手机打开这个功能后，就能将手机画面投影到汽车挡风玻璃上
news_finance,五种！现金流量表的编制方法
news_tech,华为手机升级安卓8.0怎样报名内测？
news_game,LOL剑圣又要火了？新版本装备改动梦回AP时代
news_game,EDG为什么会被不强的RW零封？
news_travel,2018，我在稻城亚丁等你
news_entertainment,昆凌与助手穿“情侣装” 周杰伦吃醋：哪里怪怪的
news_world,伊朗的这份核协议到底该不该修改？
news_tech,联想把5G关键票投给了高通，掀起全国的舆论风暴，企业有权利按照自己意愿决择吗？
news_world,萌生退意 中情局女掌门涉虐囚丑闻恐难转正
news_car,豪华小车他比宝马MINI更潮，卖15万有终身质保买回家很放心
news_culture,上联：柳随风动不争东西南北；怎么对下联？
news_house,绿地还要赖多久？拖欠海南数百家分销上千万佣金长达四五年！
news_tech,打造人联网、车联网、物流联网和电联网四网合一
news_car,大众最帅气的轿跑，比宝马3系还漂亮，无边车窗，才21万元
news_finance,散户法宝：利用底部反转时常用的三种买进时机把握
news_edu,期中成绩出来了，孩子如果考得不好，花2分钟看看这文章！
news_house,海宁的地 卖出了实际近两万元楼面地价 贵在哪里？
news_sports,上港1-2输给国安的比赛中，国安后卫刘欢的手球，没有判罚点球，是不是误判？
news_entertainment,曾与唐嫣杨幂刘诗诗并列新四小花旦的她，如今还能翻身吗？
news_sports,“格斗狂人”徐晓冬最近忙打假？ISKA世界业余搏击比赛什么来头？
news_sports,凯尔特人，勒布朗一生的对手！
news_travel,旅途——朱树清：请来石门温泉浴
news_culture,茶水先生读《诗经》261：韩奕——恩威并施稳固北方
news_game,KaKao重回LCK！曾经的挖煤野王现在究竟怎么样？
news_car,这些交通标志扣分最多 有的人一个都不认识
news_game,阴阳师里的彼岸花和塔罗牌是什么关系？
news_car,汽车熄火后，开双闪多久车子会没电？
news_travel,世界上最大的是什么？
news_finance,明全策：黄金冲高遇阻寻支撑，伦敦金窄幅区间看反弹
news_game,周瑜和鲁班嘲讽宫本，结果宫本让他们经历了绝望
news_military,"中国高超音速飞机试飞成功,五倍音速超“黑鸟”是真的吗？"
news_game,6399：CF手游鹰眼地图防守技巧 CF手游鹰眼保卫者打法攻略
news_agriculture,隆回穷山村走出大老板！回老家投资400万，助力全村脱贫！
news_edu,双语：关于身体的12个神奇事实
news_military,如果希拉里上台了会不会主导和俄罗斯交战？
news_house,房地产翻倍涨价，实体经济却不好做，你怎么看待？
news_car,1分都没扣，驾照还是被吊销了？！只因……
news_entertainment,确认过这眼神，就是张继科、马龙、许昕等马上就要来深圳啦！
news_finance,明天，会黑周四吗？
news_culture,“老子圣像精品展”在陕西周至楼观台展出
news_sports,杜兰特38+9+5库里23分 浓眉26+12勇士擒鹈鹕3-1
news_travel,最后4天！沩山密印景区将恢复门票收费
news_car,对Ei5心生喜欢，实力表现还好吧？
news_edu,《别说你不懂数学》：趣味盎然的数学科普著作
news_finance,盘点！去年嘉兴哪些上市公司最赚钱？哪些职位能拿高薪
news_sports,7岁男孩公交上用脚踢男子，男子猛摔小孩并狂踩其头部被拘留15天，你怎么看？
news_entertainment,给富豪生了3个孩子奖了40亿，如今小小举动看出她的真实感受
news_military,国产055大驱一次至少建造5艘？一旦加装电磁炮，性能将再度提升
news_sports,8大外援对抗一球未进！恒大权健坠落的真实原因呼之欲出
news_finance,10万元存款利率10.0%合算吗？
news_world,尼日利亚军方从“博科圣地”手中解救千名人质
news_world,巴西南部一起交通事故致９人死亡
news_game,英雄联盟KZ战队的上单khan赛后接受采访表示：“打RNG只用了三成功力”，你怎么看？
news_finance,能在上海开奥迪A6L的人是什么样的？
news_sports,144年首次！中国马主首夺美国最著名肯塔基德比赛马冠军
news_military,中东两霸威胁开战！上千枚导弹互相瞄准 美俄也无能为力
news_agriculture,2018.5.12全国猪价，猪价低迷，小猪场和大猪场，哪个能称到最后
news_finance,拓维信息实际控制人继承股份过户完成
news_culture,上联：公鸡打架头对头，下联怎么对？
news_military,中国空军有哪些战机，各自优势是什么？三四代皆有、高低搭配
news_culture,新帝登基时，面对父皇留下的众多妃子，怎么处理？
news_house,泉州今年将成立超10个物业调解委员会
news_military,6倍音速刺穿反导火力网！中国一款“老爷机”终于雄起了
news_culture,A18 聚焦文博会 “香的世界”绽放立新湖畔
news_military,伊朗当前军事实力能否抗衡以色列？
news_edu,临平一小南枝校区9月启用
news_game,外媒入围赛预测：只有KaBuM能挡住SUP的前进
news_agriculture,种鹅产蛋期的饲养技术分析
news_entertainment,合伙人排挤你会有哪些表现？
news_edu,自考考下来也是挺有难度的可为什么在社会中自考毕业生很受歧视？
news_tech,Vivo X21和小米6X，选择哪个比较好？
news_travel,乌镇有哪些好玩的地方？
news_sports,猛龙别哭！这4支东部球队都被詹姆斯打到重建了，他们比你还惨
news_house,两个人手写的房子合同，没有去公证处公证，有法律效力吗？
news_edu,大学毕业，选择创业好，还是考单位好？
news_finance,中国企业“走出去”应加强风险识别与风险管控
news_car,18款中东版丰田酷路泽4000尽显酷路泽沙漠越野气质
news_game,廖化的能力到底怎么样，关羽战死后，他是如何逃回去的？
news_culture,上联：黄山黄河黄皮肤黄土高原。怎么对下联？
news_finance,中国婚趴集团加盟商合影集
news_tech,如果男(女)朋友有一天要看你手机，你会毫不犹豫地给他(她)看吗？
news_entertainment,如何快速的在音乐播放器上找到脑中出现的旋律？
news_tech,2018，马化腾与马云的梦
news_edu,母女共传承 喜迎护士节
news_edu,一个第一！两个第二！感受峄城力量
news_car,花甲女人的轮胎情愫
news_edu,处罚体育老师很容易，让家长明白上体育课不能穿凉鞋却很难！
news_tech,COOLGO专车表示：出行安全是网约车行业发展的基石
news_tech,手机为什么取消了内存卡？
news_world,这个黑人国家太强，只比美国和加拿大弱一丝，对中国游客免签
news_tech,为什么滴滴还在亏损？
news_travel,翻开哥哥的旅游包，天呐！全都是新鲜“稀罕货”，好玩到停不下来
news_tech,iPhone X、华为p20 pro和三星s9+，不考虑价格的话，选哪个好？
news_world,美国宣布暂停对土售武，土耳其声称将采取报复措施，你怎么看？
news_entertainment,“美队”克里斯·埃文斯接演《第九区》导演灾难新片
news_edu,广西二本大学的排名是怎样的？
news_car,临渭交警：不文明交通违法曝光台 行人的你是否在其中！
news_agriculture,土壤板结、烂根、结果少、不甜！一张图看懂猕猴桃存在问题
news_finance,财政部：不得通过“指导投标”干预地方债发行定价
news_agriculture,要想种出优质苹果，土、肥、水管理是基础，疏花疏果是关键
news_car,为何F1六缸就可以干掉布加迪16缸？
news_game,Fami通展示《无双大蛇3》首批截图以及艺术宣传图
news_travel,“滆湖之星”观光塔
news_world,《东京食尸鬼》中铃屋什造是男的还是女的？
news_game,KZ战队击败RNG战队杀手锏 Pray偷学走A怪双修EZ压制Uzi
news_entertainment,YY文静三联唱《干了这杯酒》+《情面》+《为自己干一杯》很有气势
news_game,王者荣耀：韩信对李白做了什么，让李白大喊要对我负责！
news_sports,马德里赛德约科维奇力克锦织圭！卡·普利斯科娃险胜阿扎伦卡！
news_sports,第三届延庆女子半程马拉松5月12日鸣枪 预热北京世园会
news_car,45万的玛莎拉蒂曝光，比卡宴更霸气，比揽胜更豪华，谁还买BBA
news_military,俄罗斯大阅兵，这些装备证明其武力值依然爆表
news_finance,东源物流2017年营收1.12亿元 业绩亏损214万元
news_agriculture,立夏苗山农事忙
news_world,这些奇葩的人告诉你，什么叫“艺高人胆大”
news_entertainment,王丽坤：出席活动，网友：就这个发型就能惊艳全场了
news_culture,如何理解儒释道同根的观点？
news_sports,朱婷会不会转会，如何看她在瓦基弗银行队赛季总结会的讲话？
news_finance,氯化铵：干铵、湿铵“人鬼殊途”
news_world,夏威夷火山发威后又地震 近万人强制疏散
news_tech,他是京东最辛苦的人为了企业一夜白发，如今创造了719亿美金市值
news_agriculture,入户走访贫困户 精准扶贫暖民心
news_sports,国乒选择放弃用平板车运送奖杯，转而用精美包装盒运送奖杯，你觉得哪个更霸气？
news_house,结婚十年公婆想全款买一套房子写他儿子的名字，生活中如果发生意外，妻子能分这套房吗？
news_culture,为什么好多人都说儒家思想祸害中国？
news_military,歼20高性能是累赘？中国一项技术获重大突破，可迅速在雷达上消失
news_finance,复盘 美方狮子大开口，A股将何去何从？
news_tech,灵雀云获英特尔战略投资，加速抢占容器PaaS制高点
news_agriculture,什么品牌的矮壮素能防止玉米倒伏？使用防倒剂对玉米有何影响？
news_entertainment,言承旭的内地真人秀首秀：带娃！
news_edu,名牌大学毕业后考上公务员，发现同批进入的男生都是三本人员，很委屈，怎么调整？
news_game,你打游戏时会骂人或者被骂吗？对这种行为你怎么看待？
news_culture,「考古词条」青铜时代 · 斗鸡台墓地
news_world,去西班牙旅游安全吗？
news_tech,联想把5G关键票投给了高通，掀起全国的舆论风暴，企业有权利按照自己意愿决择吗？
news_agriculture,县安监局积极参与县禁毒委禁毒工作
news_edu,学生了解这个知识点，不仅提高习作水平，做阅读理解也高屋建瓴
news_edu,叶罗丽测试：选一个握笔姿势，测你考试成绩超越了谁？我的是同桌
news_world,海湾战争期间，伊拉克空军为什么大规模逃往伊朗被伊朗扣留？
news_house,住房公积金，没房贷，怎么提取？
news_finance,一汽夏利陷窘境何去何从引关注
news_world,一些国家总是嫉妒中国与柬埔寨关系，为何自己不来还要指责中国？
news_story,瞎子贺半仙（民间故事）
news_sports,这些巨星都喜爱夜蒲泡妞，在场上依然是一位好球员！
news_culture,今小编推荐一组行草书法作品，请欣赏一下吧
news_finance,旧上海著名的青帮头目，蒋介石的师父，一句话解决了蒋所有债务
news_military,中国99主战坦克为何敢单枪匹马打巷战？对手担心眼睛睁不开
news_car,鹤壁68岁老人驾照考试“一次过”：年轻人要多学多练
news_game,第五人格时装2.0时代开启！红蝶顶级时装即将上线，天使只是开端
news_culture,只愿君心似我心，下句如何对？
news_world,利比亚难民后后悔推翻卡扎菲吗？
news_entertainment,最新出道的一位画家：杨紫=羊紫 网友已笑喷
news_world,王宪举：俄经济发展瓶颈的借鉴意义
news_entertainment,欧弟孕妻怀二胎数月体重才破百，还称被女儿“嘲笑”！
news_travel,天门山国家森林公园——湖南张家界
news_agriculture,玉米的八种花式做法，小编已确认过吃货的小眼神，好吃！绝对靠谱
news_world,反对派强烈要求外国军队撤离，一旦没了俄军，巴沙尔还撑得下去吗？
news_edu,青岛颁出课外减负令 一二年级不布置书面课后作业
news_car,和思域的发动机规格一样，最低售价10万，完全可以媲美思域！
news_tech,降至3498元，vivo XPlay6还能满足需求吗？
news_game,DNF：远古异界即将合并，大小商机袭来，交你如何发家致富
news_game,王者荣耀主播张大仙被坑的连败也不骂人，是套路还是性格？
news_tech,如果腾讯和阿里拒绝苹果手机使用微信和支付宝，苹果手机大概多久要退出中国市场？
news_sports,火箭传来坏消息！卡佩拉顶薪加盟太阳？火箭：不惜一切代价留住他
news_culture,《中国百家姓》摄制组孔庙拍摄工作侧记
news_entertainment,盘点汤姆克鲁斯的五个最差表演，你是不是也不喜欢呢？
news_tech,大佬干架：腾讯马化腾和今日头条张一鸣的恩怨情仇
news_military,哪些国家支持德国成为联合国安理会常任理事国？
news_car,拿到驾照后，这些知识你需要知道
news_entertainment,全球最贵超模吉赛尔·邦辰身穿金色礼服和老公甜蜜亮相，风采依旧
news_entertainment,周杰伦的这些冷门电影，看过3部算我输！
news_car,宾智的车怎样？
news_car,大家怎么看待传祺GS4的安全性？
news_sports,图集｜丁俊晖入名人堂徐思最佳新人奖，奥沙利文再度年度最佳球员
news_sports,那个从一号位打到教练位置的男人，他又lei了！
news_world,美华人女子遭遇入室盗窃 躲进厕所度过惊魂5分钟
news_tech,功能体验报告｜小米是如何将你的手机变成门禁卡的？
news_culture,《倚天屠龙记》中，空见神僧有多厉害，是什么水平？
news_car,蔚领有没有出现烧机油的情况？
news_sports,GOAL神奇：拜仁连续折戟欧冠原因终于找到 队内金靴与旗帜是祸首
news_house,买房户型怎么选？几招教你巧妙辨别烂户型！
news_story,因生个女儿月子里婆婆的做法令她心寒，满月后她的做法让婆婆痛哭
news_sports,如何看待巴萨赛季不败金身被破？
news_house,为什么重庆的房子是50年产权？
news_house,个人房产税税率怎么算？
news_world,投票事件过后，联想今后的日子该怎样走？
news_sports,中超争冠群扩大到5支，上港恒大鲁能国安苏宁都有夺冠可能，哪一支球队能笑傲江湖？
news_game,盘点王者荣耀中秒人最快的3个英雄，最后一位实在是太尴尬！
news_culture,方舟子说象棋源自印度，中国古代没有大象，你认为这种说法怎么样？
news_car,自动挡车D1、D2、D3是什么意思？
news_sports,恩比德暴扣之后挑衅莫里斯，被莫里斯3-0手势嘲讽，大帝龙颜扫地
news_entertainment,张柏芝小儿子Quintus生日，柏芝送上生日祝福
news_entertainment,《妈妈是超人》嗯哼讲绕口令时，有谁注意到霍思燕家床上是什么？
news_culture,上联：东南西北方方利，如何对下联？
news_sports,世界足坛十大伤仲永球员，如此天赋却自甘堕落，令人扼腕叹息
news_entertainment,赵丽颖最怕的一个人，但是却是最宠她的人，你知道他们的关系吗？
news_car,方向盘忘记回正了，处女座的你看到了会抓狂吗
news_world,日本都市中的“隐士”：有人在家宅十年，吃喝靠父母
news_car,2018款奥迪A4L 30周年40TFSI运动型落地多少钱？
news_finance,景瑞控股2.4亿收购北京东城区4.3万平商业物业100%所有权股
news_culture,花开江水笑，下联应该怎么对？
news_edu,常说这5句话，容易培养出高情商孩子！
news_military,哪些国家的军事比较强？
news_entertainment,罗晋被问什么时候和唐嫣结婚，他微笑着说了两个字
news_world,美国的FBI和警察有什么区别？
news_finance,GoPro销量增长收入下降，销售势头良好将增加营销支出
news_edu,“母亲节”感恩教育
news_sports,读《2017中国马拉松年度总结》（5）全马半马完赛人次趋势分析
news_entertainment,泰星pong和noon这对好朋友，感情好到可以给对方介绍男女朋友
news_house,如何判断房价是真高还是虚高？
news_sports,粤媒：恒大闷平完成基本目标 客场战绩差影响争冠
news_tech,努比亚系统升级到5.0怎么样？
news_tech,“三化”彩电、八大新规！疲软的彩电市场苏宁有高招
news_game,炉石传说：精选玩家创意秀，能够复活英雄的克总会很强吗？
news_car,汽车上的cvt为什么要用钢带？
news_edu,一位妈妈的反思和分享：直到孩子上了初中，才明白小学该怎么学
news_culture,转着吃席 白水三转席走红“丝绸之路”陕菜发展研讨会
news_world,强大的俄罗斯对世界是和平还是威胁？
news_world,巴沙尔是个好总统吗？
news_agriculture,怎样做到高效养鸡？从哪儿着手呢？
news_world,92岁高龄的马哈蒂尔赢得第14届马来西亚大选意味着什么？
news_sports,郭士强在辽宁队夺冠之后前往欧洲学习。你怎么看？
news_edu,高考收藏系列之招生骗术预警
news_entertainment,富家女求灰姑娘帮忙假冒自己见总裁，没想两人阴差阳错，一见钟情
news_game,DNF列车追击战五一活动玩法和奖励引热议 网友：DNF日常又要黄
news_agriculture,美媒：如果大豆能卖个好价钱，中国农民渴望加入中美贸易战
news_culture,《立 夏》山林子自然道德智慧诗
news_story,女孩遭校园霸凌跳楼自杀，收拾遗物时她闺蜜神情让我发现不对
news_sports,申花VS重庆首发：莫雷诺瓜林登场 小摩托缺阵阿吉雷入替
news_finance,一季度GDP增速居重点城市倒数，被深圳甩开，广州怎么了？
news_entertainment,马苏范冰冰女王范走红毯，李宇春黑翅膀如凤凰般更亮眼！
news_edu,大学生到底该不该在校期间进行创业？
news_world,一反常态！伊朗表态为何不强硬？美国退出伊核协议影响莫非不大？
news_world,警方确定法拉盛暴力性侵华妇男嫌身份
news_culture,上联：泰山黄山赵本山，如何对下联？
news_entertainment,范冰冰的17岁，刘亦菲的17岁，高圆圆的17岁，都输给了李小璐
news_story,带老婆去姑家，饭桌上姑姑不停给她夹菜，扭头我们去了民政局
news_edu,母亲节：沈阳和平区传递崇德敬亲之情
news_agriculture,“人造猪肉”于近期面世，猪价会有挽回的余地吗？
news_world,特朗普嘲讽奥巴马：他花18亿救人，我让朝鲜免费放人
news_tech,腾讯杠上阿里，企业微信打通微信来对抗钉钉？
news_finance,掌阅科技股份有限公司
news_culture,上联：泰山黄山赵本山，如何对下联？
news_tech,微信滴滴不能用了怎么办？
news_military,军民一家亲 共享鱼水情
news_sports,WWE再签一位澳大利亚橄榄球悍将，网友：为了今后的XFL？
news_military,叙利亚遭以色列导弹袭击：连续爆炸火光照亮整个夜空
news_travel,家与烟火，诗与远方，你们会怎么抉择？
news_culture,郭襄丨风陵渡口，一见杨过误终身
news_story,记得回家先喊名字
news_world,印度有什么硬伤，导致它成不了一流大国？
news_car,为什么二手市场那么多哈佛h6？
news_house,百盘耀世 献礼中原｜恒大中原致力于打造美好生活
news_travel,台湾南投有哪些值得购买的手信？
news_tech,从小米正式递交的招股书来看，小米预计估值多少？
news_sports,巴克利预测猛龙会淘汰骑士，G2后巴克利又说猛龙是最令人失望的球队，你怎么看？
news_sports,詹姆斯和乔丹之间是否只差了点运气？
news_world,法国突然宣布重要消息，特朗普大怒，中国却热烈欢迎！
news_finance,“名嘴”操纵股票被证监会处罚1.26亿元，你怎么看？
news_military,以色列警告称如果战机被击落将会轰炸俄军事基地，你怎么看？
news_military,印度国产战机“光辉”参与实战训练 印度全国拍手叫好？
news_tech,你觉得发射卫星与芯片研发哪个更难？
news_game,彩六短讯：Y3S2（第三年第二季）终于即将露出阵容啦
news_entertainment,鹿晗打鼓嘴里念叨：鹿晗真的帅，邓超：你这种心态真的是自恋到家
news_world,普京：俄罗斯需在各领域取得突破
news_sports,巴克利预测勇士火箭4:1，杨毅4:2，这口毒奶勇士喝不？
news_travel,“大美庐江·快乐毅行”2018环冶父山生态旅游毅行活动举行
news_car,大搜车精准打击瓜子 强势改变二手车平台格局
news_tech,为什么滴滴整天被网民骂成“滴滴不死，天理难容”而易到连钱都发不出去却没这么招恨？
news_edu,“桑吉”轮事故最新动态
news_agriculture,这几种适合混栽的“新型”果树，好栽无须多打理，爆棚挂果率高
news_finance,创业可最快速度积累财富？研究显示：创一代已成高净值人群主力军
news_entertainment,拒绝雷同！《幻乐之城》全原创模式 呈现音乐加表演顶级大秀
news_game,如何评价《穿越火线》CF手游版？
news_travel,一样的龙岩，不一样的天空
news_tech,为什么苹果公司敢在我国这么强势？
news_edu,今日成都教育资讯必看全景图
news_culture,上联：泰山黄山赵本山，如何对下联？
news_culture,南充：让年轻人唱主角 非遗走出博物馆展现新魅力
news_edu,二本大学文科分比较低的大学有哪些（最好是四川）？
news_finance,大盘上10000点，还有多远？
news_finance,股票飙升前，庄家都会先“洗盘”，万次交易实战极少出现例外！
news_military,中国制造创新高，出租一天可赚120万，加拿大已签5年租用合同！
news_sports,世乒赛1/4决赛有意外也有惊喜！小胖希望能排到第1位出场！
news_house,北京限价房销售新规征求意见
news_edu,第三代人教数字教材亮相全国基础教育信息化应用展示交流活动
news_sports,快讯！万州体育场将举办国际足球赛（中国队VS朝鲜队）
news_entertainment,梁静茹演唱会尾场，网友：穿得活脱脱一个花仙子！真美！
news_house,市北区（青岛）80个小区最新二手房价，你知道的小区涨了？跌了？
news_edu,与全日制研究生相比，非全日制研究生能被企业认可吗？
news_game,5月12日KPL，对战QG时GK因网络波动暂停后丢掉优势局，这对GK来说公平吗？
news_finance,前4月经满洲里口岸进出境中欧班列达477列
news_military,解放军训练基地附近，一架美军战机坠毁！美：想打架？
news_edu,有会日语的朋友是一种怎样的体验呢？
news_edu,考研｜苏州大学专题：乐队花车效应 2018真题刨根问底
news_sports,看完这些，才明白那些选手为啥跑大马不觉得累！
news_world,怎么看普京要求俄罗斯到2024年前成为全球五大经济体之一？
news_world,一念天堂，一念地狱｜印度，到底是个怎样的国家？
news_edu,浙江2018年普通高校专升本15日开始投档
news_finance,一位股市高手的良言：MACD最全秘技解析，学不会就别炒股了！
news_entertainment,周冬雨虽是个矮个子，但她照样活出专属她的高度来
news_house,乐山新广场旁也有好房 89㎡清水套四带大阳台单价仅5600
news_entertainment,你为你爱豆花了多少钱
news_game,王者荣耀：一级特别擅长打红buff的几位悍将，对手根本抢不到！
news_house,5月7日苏州商品房成交198套，二手房成交374套
news_sports,莫雷：今年是我职业生涯夺冠的最佳机会
news_culture,欧洲人物油画形象中，为何裸体的女性居多？
news_game,只剩1天！《黑暗之魂：受死版》即将正式在Steam下架
news_military,美军驻叙部队准备行动，俄一支摩步团火速集结，美称已做最坏打算
news_game,去年的同仇敌忾今年能否再现，期待洲际赛的再次夺冠？
news_finance,中国股市：下周回落中低吸的时间要领
news_house,老人去世后户口注销了，使用权房屋怎么继承？
news_agriculture,牢记总书记教导：贵州“一减一增”推进农业供给侧改革
news_game,四本经典搞笑网游文推荐，每本都会让你笑个不停
news_travel,退休后，就开这辆B型房车，带着老伴去旅游，享受自由的生活！
news_game,RNG放出春季赛回顾视频，网友们评论没想到连官博都开始摇了
news_car,全面武装 LC200底盘&后备箱升级
news_culture,思想从来不是件简单的差事
news_finance,华讯方舟股份有限公司关于回购注销部分限制性股票的减资公告
news_military,二战故事｜3分钟了解二战前日本军国主义的崛起和国际联盟的纵容
news_military,坦克驾驶员在驾驶时头是伸出来的，如果炮塔转动，会不会碰到头？
news_agriculture,农人双喜向农民朋友推荐：耐旱、抗病、高产的白轴玉米和红轴玉米
news_entertainment,有哪些娱乐圈里面的明星追星？
news_military,全球十大防空导弹盘点：中国只有一款上榜 排第7
news_travel,南京长江路附近有什么好玩的地方？
news_culture,上联：春风吻千树；请接下联？
news_culture,千里婵娟一梦，如何对下联？
news_world,俄罗斯如何修复同乌克兰的关系？
news_car,如何看待观致汽车销量暴增的现象？
news_house,未来房价会跌到什么程度？
news_military,巷战夜战从不吃亏，这些叙政府军为啥这么能打：系伊朗系部队
news_edu,井陉矿区第一小学开展“”家校携手 共创未来”活动
news_car,中山改灯，本田冠道升级完成，亮度提高了3倍
news_culture,上联：泰山黄山赵本山，如何对下联？
news_edu,现在学生学那么多特长有用吗？
news_game,如何看待DNF命运硬币这个道具至今还存在于游戏中？
news_world,为什么大多数国家愿意和美国结盟，而不是俄罗斯？
news_car,凯越正式回归！10万以下搭载的全是高科技，没人再说它是低端车了
news_tech,什么路由器好？
news_finance,宁夏上市公司商赢环球耗资5000万成立教育子公司
news_edu,清华大学2018自主招生初审认定
news_car,东风标志4008与雪弗兰探界者如何选择？
news_finance,2018安徽省阳光人寿安庆中支招聘正式编制人员6人公告
news_finance,生于千亿融资，死于量产：互联网造车幸存者谁？
news_finance,申万菱信基金管理有限公司
news_culture,书法｜知道怎样区分宣纸很重要，关系到出来的作品好不好~
news_entertainment,祝延平演的武松更好，还是丁海峰演的武松更好？
news_finance,未来已来，BATCon全球区块链应用与技术大会暨展览会抢滩八月上海
news_game,RNG领先2万经济碾压越南队，但比赛中的这一失误引发吐槽！
news_finance,涨停股揭秘：新股市场回暖4月上市新股平均8连板 锋龙股份封涨停
news_story,山上突现黑云，老道一去不回，村民收留道童，方知道童不是普通人
news_tech,特朗普为什么否决博通并购高通？
news_entertainment,她一天掉了四十万外国粉，却赢得十三亿国人的心！
news_entertainment,四个家庭合照，陆毅一家全是腿 贾静雯家全是眼睛 陈小春一家……
news_entertainment,郑恺疑似公开恋情？还是比他大5岁，这一对姐弟恋被喊话在一起！
news_sports,世乒赛后国际乒联新排名公布，获得女团冠军的丁宁意外下降，张本进前10，如何看待这件事？
news_tech,福特提出汽车+摩托车合体专利、酷派起诉小米专利侵权、魅族……
news_military,数百枚导弹从天而降！美给出一份绝密清单，我国某地赫然在列
news_story,大姑姐回娘家坐月子却从来不许我进去，我强行推开门却笑出了声
news_tech,刘强东罕见发飙：这类员工不尽快清除，留着过年吗？
news_world,商务部：中国对美方加征关税的态度没有改变
news_entertainment,为大12岁初恋痴狂8年，后分手赌气嫁给初恋的好友，却赌赢了人生
news_entertainment,《复仇者联盟3》上映三天国内票房正式破十亿
news_house,国家统一规划！部分三四线城市的房价可能要跌
news_car,同级里面最美的内饰，V8的发动机，2018款CT6会翻身吗？
news_tech,支付宝又出新动作，几千万的商家都沸腾了
news_culture,「每天一首唐诗宋词」宋·苏轼《青玉案》（附集字帖）
news_finance,如何系统地学习股市？
news_house,柱式空调和柜式空调优点和不足有哪些？
news_agriculture,果农询问，怎么才能让葡萄转色增甜快？
news_sports,刘国梁指导渐渐隐退后，中国男团为什么启用名气并不大的刘国正？
news_sports,重庆当代力帆：伊涅斯塔不会以球员身份加盟
news_tech,OPPO 坚持精品战略，荣获天猫TES“年度消费者体验奖”
news_military,AK47步枪为何成为非洲战乱国家的标配武器？
news_culture,上联：双肩挑世俗，怎么对下联？
news_game,绝地求生刺激战最新幸运舔包 新老用户都可参与
news_military,李云龙到底是凭借什么打败坂田的
news_tech,苏宁无人黑科技时代闪亮登场！快来看看都是哪些黑科技！
news_world,一个学历太低被辞退的日本教师，因帮助过一个中国学生而成为名人
news_edu,要闻｜奉贤区对中小学（中职）学生开展“七彩成长”满意度调研
news_military,日本女护士解救107位中国战士，并嫁给中国军人，拿到我国国籍
news_travel,地理答啦：少数民族地区如何利用自身优势进行旅游开发？
news_travel,世界第一的美国，为什么物价那么便宜？
news_tech,如何评价上市公司38亿收购981个微信公众号？
news_world,如果美国打伊朗，最快可以多久解决战斗？
news_military,台民众抗议美台军火交易 高喊“美军从亚洲滚出去”
news_sports,朱婷回国大场面：几百人接机，50万人看直播，央视在机场直接采访。你怎么看？
news_car,黑客入侵选号系统“抢”靓号 33个三同号车牌被撤销
news_sports,曾经的著名足球解说刘建宏继离开央视和乐视体育，现在去哪了？
news_entertainment,小个子男星也有春天：28年只演丑角，美娇娘却甘做他的小媳妇
news_tech,如何评价任正非和柳传志这两个人？
news_tech,苹果狂刷版本修复IOS 11.4beta4来袭
news_world,为什么大多数国家愿意和美国结盟，而不是俄罗斯？
news_entertainment,吓！汪涵还以为应采儿会说广州话，应采儿说她一直都是说国语的！
news_game,"盘点LPL选手的网红女友, UZI韦神的最气质而Ming的女友是个大牌!"
news_car,如何看待吉利为首的自主品牌已经超越韩系车了吗？
news_agriculture,农村有句俗语“猪来穷，狗来富，猫来开当铺”，这是什么意思？
news_sports,今年NBA骑士有希望夺冠吗？为什么？
news_tech,柳传志到底是个什么样的人？
news_car,日本老人的晚年生活
news_world,你对“美国优先”怎么看？
news_tech,马云最新激情演讲 工资四五千 你的明天怎么活？(7)
news_agriculture,“人造猪肉”于近期面世，猪价会有挽回的余地吗？
news_game,十万玩家彻底退游，绝地求生怎么了？网友称：德玛西亚需要我们！
news_military,造一艘航母有多难？难怪一般国家建不出，说出来你都不敢相信！
news_culture,上联：百鸟朝凤，下联怎么对？
news_military,发挥极致！俄罗斯下水800吨小艇，火力远超中国056！
news_military,血战到底！伊朗军方：一旦美军越过底线，必反击！中俄鼎力支持
news_travel,北海有哪些不错的景点？
news_agriculture,猪价跌破成本 养殖户一头猪亏300元
news_finance,巴菲特股东大会点赞A股市场 还这样谈中美贸易
news_sports,保罗有过哪些与nba西部决赛失之交臂的经历？
news_tech,如果苹果和腾讯真的中断了合作，苹果下架腾讯所有APP，你会换手机吗？
news_culture,出句：林中小鸟自出没，怎么对？
news_entertainment,北京女子图鉴怎么和我认识的北漂女孩不太一样
news_story,我结婚，同事随礼800；他结婚，我随礼300；他在微信上说了15个字
news_edu,北大林校长已经道歉了，网文作者们这回该您了
news_military,空军的战斗机怎么辨认地面上的陆军部队是敌军还是自己国家的部队？
news_sports,cba历史上最差的小外援是谁？
news_entertainment,陈凯歌至交，春晚搭档倪萍，与董卿同居6年，被央视开除今无人知
news_sports,老师：图中这局棋怎么破解？
news_game,王者荣耀李白韩信又被砍！刺客难道真的崛起无望？
news_tech,人民日报新媒体用户总数破3.5亿 “两微两端”推动融合发展
news_military,用兵之法，贵在不复？解放军：不存在
news_edu,莱芜市362名选手竞技“机器人”
news_world,为什么越南人有那么多姓阮的？
news_edu,二本入学，毕业变成一本是一种什么体验？
news_world,约旦首笔中企捐助：来自马云 用于妇女儿童教育
news_finance,“科创引领未来”——未来科技城2.0区域价值研讨会将于周四开启
news_tech,德国SEW，“驱动”全球靠什么？
news_car,汉兰达如何？
news_sports,东部决赛赛程出炉
news_car,汽车销售小姐最怕购车的客户用这3招，这些销售内幕真的让人心寒
news_military,美国“退群”给以色列“壮胆” 伊朗无心恋战？
news_military,民国十大地方军阀哪个最强？他们各自有多少兵力？
news_finance,打工还是创业？迷茫不要紧，先看看过来人的分析（值得收藏）
news_game,影之诗国服无限速攻皇卡组详解 影之诗国服无限速攻皇卡组怎么样
news_car,114年的豪车品牌首推SUV，光看名字就身价不菲，世界上最贵的SUV
news_car,20W以内落地，B级车，有什么推荐？
news_sports,张琳芃遮挡球衣上场，恒大发公告处罚责任人降薪三级，你是怎么看的？
news_military,中国实现航母阻拦索国产化 突破了哪些技术难关
news_world,当年孟加拉为何要脱离巴基斯坦独立？
news_car,东风雪铁龙全新爱丽舍怎么样啊？
news_agriculture,农村这种常见的紫色小花，果实可以酿酒，还有降血脂和治风湿
news_finance,开元人的骄傲——首批国际签售合作尘埃落定
news_agriculture,交通部：农村公路建设不得拖欠工程款、农民工工资
news_entertainment,七位 享受国务院 特殊津贴的 一级演员
news_tech,去普通手机店修苹果手机，维修员让我几个小时再来取手机，我的零件会不会被换掉？
news_entertainment,年过四十还在演“少年”的偶像剧男主，吴奇隆、钟汉良，他最违和
news_car,据说买国产车两三年后会后悔，国产车里有质量好的吗？
news_entertainment,46岁柯蓝，网友：看得我强迫症都要犯了！
news_house,5月大连调控效果显现 连续两周成交环比下跌 上周跌幅35%
news_edu,初三数学该怎么提升？
news_tech,javascript绑定的事件在什么情况下要解除绑定？
news_tech,女歌手喜提马斯克，特斯拉Model X电动车到手？
news_sports,2大中国新星冲击NBA！不输爵士悍将，期待今夏天好消息
news_culture,上联：在下不才，怎么对下联？
news_agriculture,中国十大名村，村集体比一个城市还富裕
news_finance,圖集｜林鄭考察智能機器人研究機構—電子科大荷福研究院
news_story,女子带重病母亲路边乞讨，夜晚来临她们的做法让人愤怒
news_sports,猛龙解雇主教练吧，凯西真的不如泰伦卢！
news_military,他偷来地主家的枪，报名打鬼子，部队却把他连人带枪都送了回去
news_military,假如在阅兵途中，女兵想上厕所该如何处理？其实方法很简单
news_entertainment,作为导演，黄渤会再一次逆袭吗？
news_entertainment,《向往的生活》李小冉送了那么多礼物，为何偏偏没有黄磊的
news_edu,垒起故乡教育的砖土，潮汕教育界“侨”味浓
news_military,苏联解体时一片混乱，日本为何不趁此夺回四岛？
news_tech,日本发明行走助力神器，老年人上楼再也不费劲了
news_culture,如何以此图作诗一首？
news_travel,福建武夷山最有名的是什么？
news_story,失去了才知道珍惜 对不起晚了
news_tech,查理芒格谈人工智能：炒作过多 还不能大规模取代人类
news_game,年薪多少不是问题，为何辽宁队和国产魔兽的签约却迟迟没有下文？
news_travel,"中国最为壮观的8条公路, 歪果仁看了都心服口服"
news_sports,如果总决赛，火箭打骑士与勇士打骑士哪个胜算大，为什么？
news_finance,一个故事告诉你：中国股市的庄家都是如何血洗股民的！
news_agriculture,农村老人怎么养老？
news_agriculture,农村人该不该到县城买房？
news_finance,创业板还将继续充当领头羊
news_house,在西安买房基本丈母娘说了算，钱不多要考虑单元房，7500元较划算
news_travel,山海相依云台山，这么美的季节你真的不来吗？
news_edu,助力教师从业资格证考试（四）教案篇
news_culture,李清照的这首诗有多霸气？虽然只有20个字，却至今让人热血沸腾
news_game,第五人格：监管者迎来春天！游戏匹配机制引众怒，网易表态将大改
news_sports,火箭，勇士，骑士哪支球队替补最强？3张图片告诉你答案！
news_edu,中专技校生幼师专业，考上大学的几率有多少？
news_finance,行业坚持规范发展才是硬道理
news_sports,中甲实时积分榜：大连超越力克黑龙江迎两连胜 完全摆脱降级区！
news_car,日产2019款全新Kicks北美售价正式公布！没想到卖得比国内还贵！
news_entertainment,郑爽卸妆后，沈梦辰卸妆后，关晓彤卸妆后，她愣是把我吓到了！
news_tech,共享电动车不用充电吗？
news_tech,支付宝已经更新了，为什么余额宝还是9点限售？
news_entertainment,黄圣依向邻居借菜刀做了顿饭，却回赠人家礼物，怪不得杨子喜欢她
news_military,毫不示弱！美军要重建第二舰队 俄罗斯立即亮出锋利獠牙强势回应
news_tech,手机棋牌游戏APP开发公司联合运营是怎样的模式？
news_game,王者荣耀新的匹配机制，为什么比以前更难上分了？
news_world,为什么浏览网页出现错误的时候会报404而不是其他数字？404有怎样的含义？
news_edu,怎样零基础学好英语？
news_game,王者荣耀：盘点当前反野最强的三个英雄，排第一的看到都怕！
news_military,许世友为什么对越军搞“拉网清剿”战术
news_house,2018年的惠州，还会有人来买房吗？
news_finance,中国造富重镇：这4地贡献了318位富人 拥有7成财富
news_agriculture,农村四大难缠“姑娘葱，独头蒜，仰头女，低头汉”，看到最好躲着
news_entertainment,权力世袭制有什么弊端吗？
news_entertainment,张翰捧新人碰瓷昆凌？王思聪手撕节目组？张杰人设崩？经超很难红
news_story,女子主动把钱上交婆婆，婆婆去世时给她一张卡，查看余额后愣住了
news_travel,太原旅游有哪些必去的景点？
news_edu,音乐专业硕士想在高校找工作需要教师资格证吗？
news_tech,华为手机最实用截屏方式一定要学，不会用就亏大了，快试试
news_military,假如没有核弹，哪个国家最有可能统一全球？
news_culture,百色为什么叫做“鹅城”？
news_travel,踏雪寻梅 自驾超山
news_agriculture,目前该怎样防治小麦赤霉病？
news_story,我推倒后妈，害她流产，爸爸把我赶出家门，多年后我收到一封信
news_military,如何设计塑胶零件的自攻螺钉柱？
news_car,「爆笑幽默gif」狗子：为什么要欺负我啊
news_car,别傻乎乎给汽车打蜡了，现在流行镀膜，一用管2年不粘灰
news_car,汽车镀晶有必要吗？这些你不知道知识，广州番禺本田缤智镀晶分享
news_culture,中国传统的儒学、道家经典著作是谁最早翻译到欧美国家的？
news_edu,我女儿自学画画，今年十四岁了，学习中等该怎么办，是学绘画专业还是专心学习呢？
news_tech,微信和苹果要针对“打赏”谈判了，该着急的究竟是谁？
news_culture,上联：天高任鸟飞，下联如何对？
news_game,《红莲之王》时尚女子团体，用实力证明一切
news_game,听说这些怪物很皮？3K游戏《风色世界》盗宝地精玩法介绍
news_edu,互联网+甘肃教育
news_military,厉害了！中国一总师透露：将在潜艇上应用这一技术 可谓如虎添翼
news_military,一鸣惊人！中国新一代核潜艇服役，两项新技术一结合成大洋黑洞
news_finance,购买的股票下跌了，应该补仓吗？
news_house,山西运城的房价近期会有大的上涨吗？
news_finance,新东方盈利模式的“重”与好未来运营模式的“轻”
news_entertainment,通过“选秀大火”的歌手，华晨宇上榜，最后一位充满回忆！
news_world,安倍晋三诚邀内塔尼亚胡，网友：鞋子装的菜，味道就是不一样！
news_travel,多肉植物开花，太美了！
news_entertainment,巴西模特伊莎贝莉
news_tech,泛微OA办公系统成功签约黄山市信诺科技有限公司
news_sports,凯尔特人教练史蒂文斯评价凯西被解雇，不能否认他是一位出色的教练，你怎么看？
news_military,跳伞落入敌占区怎么办？美军飞行员靠这些装备自救
news_house,住建部再次发声：调控目标不动摇、力度不放松
news_culture,「名人上头条」我是白先勇，我在用今日头条
news_game,4000预算配一台式电脑加显示器不要显卡，怎么配？
news_tech,用Cas9技术敲除基因对转化体系有什么要求？
news_agriculture,玉米价格还会继续回落吗？
news_tech,Ruff Chain重新定义区块链物联网
news_world,以色列总理：支持特朗普“退伊核协议”决定
news_finance,国家发达被称为“欧洲小虎”，但GDP只有2.3万亿，还没上海市多
news_game,8日娱乐热点：《巴清传》同名正版手游，揭开大秦女“土豪”的传奇人生
news_game,《王者荣耀》里容易完成极限丝血却反杀的英雄有哪些？
news_game,玩游戏对手机有什么影响吗？
news_military,俄罗斯10架战机携带高超音速导弹进行试验性战斗值勤
news_car,18新型记录仪上新了，老公也买了一款装车上，功能真是霸道强悍
news_world,美国韩裔教授枪杀教授妻子后饮弹自尽，烧毁房子仅剩5岁孤女幸存
news_travel,川藏线舒适性酒店推荐
news_entertainment,耿直Boy王俊凯，玩游戏真性情
news_car,不外传的科二考试通关技巧！学员请收藏！
news_finance,投资大环境不错，想进行股票配资，哪个股票配资公司比较可信？
news_military,斯大林为何一再强调有账要和日本算？
news_sports,李易峰、周杰伦最新综艺来袭，两大阵营，争夺最强天团
news_military,狙击手执行任务时，为什么要带好几块口香糖？这一点老兵都不知道
news_entertainment,金·卡戴珊纽约出席完活动离开，网友表示国际巨星不一样很养眼！
news_tech,你微信会用自己的照片做头像吗？
news_agriculture,环割有利有弊，它也有潜在风险！谨慎行事，留生命线不割断
news_tech,余额宝和理财通哪个好？
news_travel,长治有哪些地方值得一去？
news_military,以色列暗杀叙利亚7名“国家英雄”的行为该如何定性？
news_military,20张老照片一窥百年中国沉浮史
news_car,权威解答｜小岛的司机：斑马线上，我是不是必须要让行？
news_world,这几个国家领导人的老婆照片：特朗普的老婆最有钱，身材也最好！
news_agriculture,实拍唐王大集上出售的菜苗，这些交易只有农村才有，城里人见不到
news_sports,为什么有的NBA球员拿到大合同后，表现就一落千丈了？
news_tech,世界上最先进的智能机器人是索尼公司研制的sdr-4x
news_entertainment,欧辰不够高冷，洛熙不太忧郁，这是属于90后的泡沫之夏
news_entertainment,邱淑贞叶童亮相某活动，网友：许仙要跟张无忌抢红颜了吗？
news_travel,身居湖畔 东昌首府打造写意江南院落
news_culture,为什么清明节的日期是公历的？
news_agriculture,新型传销盯上农村，农民朋友看看你周围有没有这样的人！
news_world,为什么土耳其比大多数欧盟国家都要强大，却仍然难以加入欧盟？
news_entertainment,死侍：五毒俱全的反英雄，如此独一无二，如此迷人
news_car,发动机启停的五大禁忌是什么？
news_agriculture,你们当地花生高产套餐用几遍药的多？
news_finance,不想打工了，回家也没事做，该怎么办？
news_entertainment,流量女王杨幂新剧上线，这次能否将男主阮经天带红？
news_travel,阿尔巴尼亚说什么语言？
news_travel,乡村的植被
news_culture,出口成章，必有文章。如何接下句？
news_military,狙击手观察手携带的什么武器？也是狙击枪吗
news_entertainment,像周二珂和冯提莫这样靠唱歌挣钱的女主播们，算是侵犯了原唱歌手的版权吗？
news_culture,上联：公鸡打架头对头，下联怎么对？
news_world,竞选学生会部长演讲稿怎么写？
news_world,意大利偷车贼盯上宝马疯狂偷导航
news_sports,鹈鹕实力并不输勇士，下一战若这几人能给力鹈鹕仍有希望逆袭勇士
news_tech,以道教育，最热门的大数据技术是这些？
news_house,如何区分商业折扣、销售折让和现金折扣？
news_world,特朗普与奥巴马谁的执政能力强？
news_culture,上联：一人一碗一双筷，怎么接下联？
news_sports,国际田联钻石联赛，多位田径名将现身场地训练，加特林还行吗？
news_military,萨达姆也怕死吗？被捕时为何不自杀？他的解释令人惊叹
news_tech,马化腾：我也有零钱通，为什么你们都要把钱放进支付宝呢
news_culture,上联：雪落残枝惊雀梦，如何对下联？
news_entertainment,文松 宋晓峰参加非诚勿扰，太能搞了，肚子疼
news_finance,中金网0512汇市早报：美元持续下挫 非美货币一片欢呼
news_sports,王者荣耀巅峰赛QG刺痛轻松拿下13连胜，胜率100%，对此你怎么看？
news_entertainment,好看好学的32步《缘分来了爱上你》一看就会的步子舞
news_car,8万以内的车，有什么推荐？
news_car,这才是30岁男人首选的SUV
news_military,全球第一艘核动力航母怎么样了？十万吨巨兽仍屹立不倒
news_game,中国的这个驾照被称为：万能证！除了火车什么都可以开？
news_story,天生一对，美好大结局
news_game,「恋墨」我的世界侏罗纪公园第184期 幽灵龙pk火龙
news_edu,初三现在是中考冲刺的关键阶段，有的学校不停组织学生到处参观技校，合适吗？
news_sports,你怎么看待2018赛季火箭常规赛对阵勇士的战况？
news_car,大众GTI心跳加速的音响改装「大良汽车音响」
news_car,5w-30可以和同品牌10w-40的机油混用吗？
news_military,美国宣布退出伊核协议，对中东有何重大影响？
news_travel,不一样的风花雪月，不一样的蚂蚁吉普环海
news_culture,艺术在进化过程中有什么用？
news_edu,为什么美国要收紧中国数学、科学、工程、技术类留学生，却对文科类留学生大开绿灯？
news_finance,假如个人每年给公司创造90万的净利润，老板给每月给6000元工资，这待遇合理吗？
news_sports,双牌举行“万步有约”职业人群健走大赛
news_entertainment,唐艺昕的性感成熟风！好身材“圆润无痕”，简直比柳岩还美！
news_world,世界上最具有凝聚力的国家是哪个国家？
news_entertainment,暧昧侦探是什么剧？好看吗？值得追吗？
news_sports,如何看待C罗在采访里说：教会我踢球的人正在医院饱受煎熬，我有什么心思去庆祝进球？
news_travel,樱花还没送走，就迎来了郁金香
news_tech,计算机视觉在电影工业有哪些应用？
news_sports,897快讯｜又一项世界冠军！这个安康女娃是主力！
news_military,二战中美军不可忽视的力量——装甲战车
news_edu,地表最强的初中语法分析讲解，成功拿下三大从句
news_world,担心摩托被偷，日本吃鸡网友为它穿上“吉利服”化身幻影坦克
news_sports,WEY重金签下C罗！领克是不是要找梅西代言？
news_tech,如何提升OPPO手机的续航能力呢，这个视频教给你
news_culture,鱼鹰捕鱼，沿袭千年的渔樵文化，鱼鹰能听懂口令，一口抓一个
news_agriculture,现代畜牧产业成战略性支柱产业 齐齐哈尔多环节促进养殖增产农民增收产业发展
news_entertainment,你认为最好听的一首歌是什么？
news_sports,无奈之举 中甲劲旅：我们不得不迁移主场 未来两场不对球迷售票！
news_house,新政解读丨长沙大学生户口迁到学校集体户口的，没有购房资格！
news_entertainment,《复联 3 》惊现 YEEZY 彩蛋？！回忆那些经典的漫威联名
news_edu,没有惩罚的教育是不完整的教育吗？
news_game,《战争机器》开发人员希望旗下怪物加入《怪物猎人：世界》
news_entertainment,电影《天下父母》首映 献礼母亲节
news_agriculture,以花为媒 农旅融合 助推乡村振兴
news_world,超越英国！全球第五大经济体不是国家而是这地区……
news_entertainment,如何在朋友圈优雅地公布恋情？
news_sports,骑士队和凯尔特人今年东决谁会赢？
news_tech,vivo X21黑金版手机最大的优势是什么？
news_military,四位军事奇才：凯撒第四，拿破仑排第三，冠军是中国一代帝王
news_travel,烟台长岛好玩吗？
news_game,迷你世界：能量剑的终极技能，开启后能驯服远古黑龙
news_tech,雷军会成为中国制造的新代表吗？
news_game,如何评价KZ战队Khan俄洛伊的表现？
news_world,乌克兰最小“百万富翁”出炉 年仅7岁
news_tech,什么是匀加速，有知道的吗？
news_military,054A型的满载排水量为多少？
news_entertainment,湖南卫视接下来播出的电视剧，貌似每一部都能热播哦？
news_car,眼馋也没用，4月荣威RX系列卖了24203辆
news_entertainment,六部将上映的巨好看！强势霸屏
news_military,美叫嚣核战中国坚持不了一个小时，俄专家：谁敢对中国动手就毁灭
news_world,通讯：中国高铁为世界提供可持续发展解决方案
news_edu,护理学校哪里好？
news_finance,到底该不该和炒股的人交朋友？为什么？
news_agriculture,173论文-如何加快农村电商的发展
news_agriculture,燃气灶和电磁炉做饭，谁更省钱，告诉你都不相信！
news_sports,百万替补完胜千万先发！76人奇兵锁死“欧文替身”东部悬念再起！
news_finance,国际油价续创三年半新高 各国能源股频频上涨
news_world,河狸鼠泛滥成灾 意大利市长提议把它们吃掉
news_car,大众途观8年依旧，样子没怎么变，销量还是那么猛
news_tech,唯品会上有什么值得买的好产品？
news_car,淘宝买洗车用品送的轮胎油能用吗？
news_car,男人40岁拥有这几款车 绝对能称得上成功有为
news_sports,如果詹姆斯有六个冠军，能不能比肩乔丹？
news_tech,联想成立智能设备业务集团，整合智能手机与PC业务
news_travel,洛阳神灵寨值得去玩吗？
news_sports,"屠龙需用“屠龙刀”, 老詹身边最强带刀侍卫已拔刀，谁能阻挡"
news_travel,世界上最大的岛屿是哪个？
news_tech,微信小程序限制iOS用户进行虚拟支付
news_car,威驰全系热销中 限时优惠高达1.2万元
news_car,这几张GIF图让你知道为什么要遵守交通规则，远离大货车！
news_military,日本老兵口述：我亲手杀了中国兵，这辈子忘不掉他对我鄙视的微笑
news_car,大货车为躲闪闯红灯电动车“自杀” 交警：电动车负全责
news_car,奔驰MPV中的“颜值担当”远胜埃尔法——进口的奔驰V250商务车
news_travel,点赞！咱聊城人快看！在聊城，你可以遇见大半个中国！
news_finance,知行合一——投资只能相信自己+2018年巴菲特股东大会亮点
news_finance,捉“庄”利器，股民的你还不了解？怪不得你老被庄家迷惑！
news_sports,为什么UFC“嘴炮”康纳这么火？
news_military,都是没钱的祸！俄不让服役50年的飞机歇歇，军迷：可惜没生在中国
news_world,246期：“美洲狮”咬死“巨型狼王”，在这块领地称霸
news_car,跨界SUV领克02来看看它有什么新花样 预售价诱惑：14.2-19.8万！
news_finance,近3万市场主体合肥创业
news_tech,从底层技术到落地方案，让企业AI转型不闭门造车｜杭州活动
news_entertainment,迪丽热巴裤子提太高，为防止走光垫抱枕，网友：膝盖是什么回事？
news_agriculture,自走式翻堆机-翻抛车有什么优势 该如何选购技
news_travel,上联：陆游旅游打酱油？
news_car,爱车开久了！精明老司机都用这些“神奇车品”，好用的吓人
news_agriculture,塞主粮燕麦胚芽米，引领健康饮食新潮流，让国民吃上放心粮！
news_tech,国产芯片终于全线崩盘！宣布核弹级最新消息：上海贝岭 四维图新
news_house,连云港多家银行首套房贷利率上浮，部分银行暂停房贷……
news_entertainment,娱乐圈众多女星，男星们，你们更想娶哪位女神？
news_sports,上港主帅坦言俩大腿伤情 一人已跟队训练！能否出战仍不能确定！
news_tech,“孵化大疆”的港科大教授李泽湘：停薪留职拟造“机器人梦工厂”
news_story,离婚后回娘家看父母，吃饭时我哄女儿睡觉，再回桌上我掀了桌子
news_car,爵战黄河滩 名爵6混动驾乘体验
news_military,越南要求中国撤走南沙导弹 称侵犯其“主权”
news_story,一旨废后诏书，一场漫天大火，她葬于黄泉，却死不瞑目！
news_house,买房，你会向亲戚借钱吗？
news_sports,科比、奥拉迪波纷纷支招半决赛G4猛龙该如何防守詹姆斯，对此你怎么看？
news_sports,丁彦雨航今夏去NBA试训？虽然被广厦淘汰，但却赢得了未来！
news_game,网易《明日之路》被曝服务器进不去，网友怒喷这种游戏怎么上市？
news_world,近3万驻韩美军部署有待观察 特朗普在撤军问题上仍犹豫不定
news_world,马来西亚大选投票开始
news_culture,上联：风花酿酒醉千山，求下联？
news_edu,工作三十年教师荣誉证书起什么作用？
news_finance,全球金融市场交易参考消息一览
news_military,中国近现代史上贡献最大的将军是谁？理由是什么？
news_sports,丽马揭秘｜丽马文艺战袍亮相！骚动你的心，跑到着迷！
news_edu,婆婆带我8儿子吃酒席，回家后孩子满身红斑，她的解释我不能忍受
news_car,如何省油？从轮胎做起
news_world,美国才是真正的巨婴中国智慧才是永久领导世界
news_military,为什么航空母舰一端有那么大一个舰岛，另一边是空空的甲板，它是怎么做到平衡的？
news_car,奢华到顶了！史上最贵SUV，劳斯莱斯库里南，土豪下手的时候到了
news_agriculture,农村小伙教你几招：轻松挑选出优质的东北大米
news_edu,数学模拟考试成绩在130分左右，高考上140分的可能性大吗？
news_sports,hit-air马术充气式护甲两年积极投身国内各大马术赛事起巨大成效
news_military,越南要求中国撤走南海岛屿上的导弹
news_military,为什么英国打赢了一战、二战，可还是衰落了？
news_culture,乾隆爷在承德游春出一上联：近看黄花，一点、两点、三点，一如金丁钉地；如何对下联？
news_tech,案例│酸奶界的网红”狂卖500万份，月销量上千万，可口可乐迫不及待领投数亿元！
news_sports,戈尔入主新疆有利球队发展？广东球迷：你们真的选错人了！
news_edu,注意看！跟你有关！历年三支一扶最低录取分数线
news_agriculture,“人造猪肉”于近期面世，猪价会有挽回的余地吗？
news_culture,淮南子——俶真训（译文）
news_sports,齐达内：不知C罗内马儿能否并肩作战！你是否看好这个组合？
news_sports,通州再次迎来马拉松！明天一大批道路管制、公交车绕行（方案）
news_agriculture,农村土地征收，农民如何避免吃亏？5个要点搞懂征收补偿款
news_agriculture,养殖户为节省空间将畜禽混养 但是所有的禽畜都可以混养吗？
news_car,越多车主车台不装记录仪，但一定要装这几样，开车实实不走冤枉路
news_world,一周内第3起！又一名印度少女被强暴后再遭火烧
news_military,特朗普为何触碰耶路撒冷这颗“政治核弹”？
news_entertainment,同是公主抱胡歌刘亦菲在一起真配，刘亦菲看起来很苗条
news_agriculture,为什么现在农村养狗的人越来越少了？
news_game,王者荣耀：体验服更新，调整后的韩信、李白被削弱，露娜重塑归来
news_edu,考生迟到2分钟被拒进入高考考场应该吗？
news_finance,用电也要开挂！印度窃电喋喋不休 已影响经济发展
news_car,广东的两块“恶搞”车牌，一块被拦下检查，一块被交警笑着放行！
news_sports,卡佩拉谈出战37分钟：我没想到自己会打这么久
news_world,英国女王到底有多少财富？终于有人统计出答案
news_sports,北京国安连续9轮联赛不败，凭借这样的表现本赛季他们有望夺冠吗？
news_travel,南海美济岛，我国的超级工程，下一个马尔代夫
news_game,名龙堂G4用的什么显卡？可以玩《绝地求生》吗？
news_entertainment,陈赫家庭背景曝光，父母身份强大到不像话，难怪出事后越来越火
news_tech,为什么小米上市后雷军占股比例变低了？
news_travel,韩国的美味佳肴，看了一眼，心疼自己的胃
news_edu,“万名大学生说新疆”活动评选结果公布 一 和田地区榜上有名！
news_car,为什么有人说电动汽车是假的新能源汽车？
news_finance,2015年的股灾有多惨？
news_finance,期货交易到底难在哪里？
news_culture,《红楼梦》第一回 甄士隐梦幻识通灵 贾雨村风尘怀闺秀（七）
news_tech,扒勒索病毒史，聊真CDP与准CDP
news_agriculture,桃树细菌性穿孔病识别和防治措施
news_culture,山水之情缘
news_culture,如何理解农村老话“桌上莫摆三盘菜，六人莫坐乌龟席”？
news_tech,苹果6s，被骗登入别人id导致自己手机被锁。怎么办？
news_car,借我的车出了事故，还来分保险赔偿？世上竟有如此厚颜无耻之人
news_military,如果战争爆发，你最想携带哪一把枪械上战场？多数人喜欢第一把
news_edu,你见过最努力的人现在都变成什么样子了？
news_house,龙湖冠寓 青岛找楼：火遍北上广后布局岛城，丰厚奖金等你拿
news_edu,哒哒英语迎好未来导流 获客渠道极大拓宽
news_entertainment,世界微笑日，鹿晗、杨幂、迪丽热巴，谁的笑让你更心动！
news_house,马云又出惊人言论，8年后房子最不值钱，他的话可信吗？
news_culture,你见到过最卑鄙的人有多卑鄙？
news_car,高速上开车千万不要打开它，不但耗油，而且很容易发生车祸！
news_tech,天王盖地虎，段友们回家
news_military,对越反击战，越军尸体如何处理？此人想个办法，差点被枪毙
news_culture,“白茶”和“白叶茶”是同一种茶吗，有何依据？
news_agriculture,为什么农村现在得癌症的人越来越多了？
news_sports,富力队五年没有战胜鲁能，接下来要如何安排？
news_entertainment,妈妈是超人最新一期：邓莎套路坑娃 与大麟子C位出道
news_military,横空出世！沈飞曝光新式隐身飞机，要和飞豹抢饭碗？
news_finance,杨月卉：5.12周评黄金喜迎第二春，千三筑底，低多为主！
news_sports,天津市青联副主席 教练 研究生 退役后的佟文开启丰富新篇章
news_entertainment,王思聪前任雪梨晒暗黑风美照，产子后最大变化在这
news_agriculture,河南农村没有儿子会怎样？
news_military,火焰喷射器和高压水枪对喷会怎样？
news_entertainment,关晓彤的新剧与迪丽热巴的新剧撞档，网友：担心收视率！
news_edu,利好！四川45个深度贫困县高考生 今年可报名免费定向培养计划
